mean_predicted_probability,observed_positive_rate
0.006932105418943285,0.0539568345323741
0.04779005732683192,0.17266187050359713
0.11198132843760114,0.21223021582733814
0.19097617476317263,0.28776978417266186
0.28243258505498975,0.3920863309352518
0.3706142047528752,0.48014440433212996
0.4499247748104539,0.4856115107913669
0.5178046292098327,0.46402877697841727
0.5990774588814216,0.564748201438849
0.7316381220236046,0.6798561151079137
