mean_predicted_probability,observed_positive_rate
0.003363878483760198,0.061224489795918366
0.0299917205287849,0.09743589743589744
0.07294315083894048,0.13333333333333333
0.12680061970776788,0.2153846153846154
0.1953539284796809,0.26153846153846155
0.289245440754747,0.28717948717948716
0.3854281883360479,0.3230769230769231
0.4841864582927096,0.4153846153846154
0.5806632608731537,0.5333333333333333
0.7282826786289088,0.6530612244897959
