mean_predicted_probability,observed_positive_rate
0.024519268551588886,0.050359712230215826
0.1176026295494717,0.1366906474820144
0.19725552498090548,0.22302158273381295
0.26064514703883374,0.27697841726618705
0.3172547265453869,0.3776978417266187
0.3637521316768185,0.4368231046931408
0.41932504022247175,0.5323741007194245
0.471849041429982,0.5431654676258992
0.5540780744967821,0.5863309352517986
0.6251779967170489,0.6294964028776978
