mean_predicted_probability,observed_positive_rate
0.013340687243471415,0.030612244897959183
0.08306878030731857,0.08717948717948718
0.15809155787949286,0.13846153846153847
0.22154439826358927,0.2205128205128205
0.2704118482523658,0.23076923076923078
0.32171328676422417,0.28717948717948716
0.366908309465865,0.31794871794871793
0.4263065012444256,0.441025641025641
0.508812362791844,0.558974358974359
0.6118032634808478,0.6683673469387755
