mean_predicted_probability,observed_positive_rate
0.007005605356926954,0.04591836734693878
0.03955432728697092,0.11282051282051282
0.08669599995781214,0.14358974358974358
0.1431983450666452,0.18974358974358974
0.2078506066248967,0.24102564102564103
0.2867675612370173,0.3128205128205128
0.37761345016650666,0.37435897435897436
0.4789995572505853,0.4153846153846154
0.58637809692285,0.49230769230769234
0.7311131090533977,0.6530612244897959
