{
  "features": {
    "rev_sum_30d": {
      "missing_rate": 0.0,
      "bins": [
        -Infinity,
        101.07900000000001,
        162.062,
        228.23000000000002,
        297.72400000000005,
        348.35,
        429.3680000000001,
        567.4200000000002,
        748.946,
        1195.826,
        Infinity
      ],
      "counts": [
        691,
        690,
        690,
        691,
        690,
        690,
        691,
        690,
        690,
        691
      ]
    },
    "rev_sum_90d": {
      "missing_rate": 0.0,
      "bins": [
        -Infinity,
        126.87500000000001,
        214.354,
        301.9,
        384.242,
        512.42,
        682.338,
        905.164,
        1242.7360000000003,
        2143.7679999999996,
        Infinity
      ],
      "counts": [
        691,
        690,
        689,
        692,
        690,
        690,
        691,
        690,
        690,
        691
      ]
    },
    "rev_sum_180d": {
      "missing_rate": 0.0,
      "bins": [
        -Infinity,
        136.13000000000002,
        238.4,
        326.526,
        448.228,
        613.8900000000001,
        816.4382,
        1120.3300000000002,
        1626.7240000000006,
        2865.3029999999985,
        Infinity
      ],
      "counts": [
        691,
        690,
        690,
        691,
        690,
        690,
        691,
        690,
        690,
        691
      ]
    },
    "freq_30d": {
      "missing_rate": 0.0,
      "bins": [
        -Infinity,
        2.0,
        3.0,
        Infinity
      ],
      "counts": [
        3887,
        1706,
        1311
      ]
    },
    "freq_90d": {
      "missing_rate": 0.0,
      "bins": [
        -Infinity,
        2.0,
        3.0,
        4.0,
        6.0,
        Infinity
      ],
      "counts": [
        2572,
        1568,
        961,
        947,
        856
      ]
    },
    "rev_std_90d": {
      "missing_rate": 0.0,
      "bins": [
        -Infinity,
        15.586561780997485,
        78.90403902488109,
        140.5095010156225,
        198.58741471211667,
        273.461766298338,
        435.082849017912,
        Infinity
      ],
      "counts": [
        2762,
        690,
        690,
        691,
        690,
        690,
        691
      ]
    },
    "return_count_90d": {
      "missing_rate": 0.0,
      "bins": [
        -Infinity,
        1.0,
        2.0,
        Infinity
      ],
      "counts": [
        4323,
        1662,
        919
      ]
    },
    "aov_90d": {
      "missing_rate": 0.0,
      "bins": [
        -Infinity,
        87.257,
        131.3638,
        167.268,
        205.22133333333335,
        248.2841666666667,
        301.721,
        356.17850000000004,
        438.26000000000005,
        621.0109999999999,
        Infinity
      ],
      "counts": [
        691,
        690,
        690,
        691,
        690,
        690,
        691,
        690,
        690,
        691
      ]
    },
    "gap_days_prev": {
      "missing_rate": 0.0,
      "bins": [
        -Infinity,
        0.050902777777777825,
        5.945833333333334,
        12.981180555555556,
        23.90125000000001,
        41.12430555555556,
        72.05625,
        Infinity
      ],
      "counts": [
        691,
        689,
        691,
        691,
        690,
        690,
        2762
      ]
    },
    "churn_prob": {
      "missing_rate": 0.0,
      "bins": [
        -Infinity,
        0.03606413044035435,
        0.09590005576610566,
        0.17412790209054949,
        0.27087527513504034,
        0.37494906783103943,
        0.47997182607650757,
        0.5560573935508728,
        0.6332430005073547,
        0.7152002096176147,
        Infinity
      ],
      "counts": [
        691,
        690,
        690,
        691,
        690,
        686,
        694,
        691,
        690,
        691
      ]
    }
  },
  "meta": {
    "n_rows": 6904,
    "n_bins": 10
  }
}