mean_predicted_probability,observed_positive_rate
0.024519268551589042,0.050359712230215826
0.11760262954947048,0.1366906474820144
0.19725552498090052,0.22302158273381295
0.26064514703882796,0.27697841726618705
0.31725472654537806,0.3776978417266187
0.3637521316768108,0.4368231046931408
0.41932504022246037,0.5323741007194245
0.47184904142997225,0.5431654676258992
0.5540780744967809,0.5863309352517986
0.6251779967170494,0.6294964028776978
