mean_predicted_probability,observed_positive_rate
0.013340687243471433,0.030612244897959183
0.08306878030731735,0.08717948717948718
0.15809155787948814,0.13846153846153847
0.221544398263583,0.2205128205128205
0.2704118482523582,0.23076923076923078
0.32171328676421435,0.28717948717948716
0.3669083094658563,0.31794871794871793
0.42630650124441327,0.441025641025641
0.5088123627918364,0.558974358974359
0.6118032634808497,0.6683673469387755
