mean_predicted_probability,observed_positive_rate
0.012411989118583943,0.03237410071942446
0.060942251288847955,0.16546762589928057
0.12087004135945718,0.24820143884892087
0.19582072720467616,0.28776978417266186
0.2769756505815245,0.381294964028777
0.3598181903362274,0.4404332129963899
0.44581145519832915,0.5323741007194245
0.5180767240712969,0.46402877697841727
0.6066699810594106,0.5935251798561151
0.7354513977071364,0.6474820143884892
